ZIP_CODE,ADDRESS,GENDER,AGE,RACE,INCOME,EDUCATION,VETERAN_STATUS,PROBLEM_1,SOLUTION_1,PROBLEM_2,SOLUTION_2,PROBLEM_3,SOLUTION_3
2186,,,,,,,,"Certain groups in the population, particularly those belonging to multiple racial backgrounds or identifying as Black or African American, may face difficulties in accessing healthcare due to systemic disparities that affect these groups more than others.","This can involve making sure that health insurance is more widely available, opening more health clinics in areas where services are lacking, and offering language support to help those who don't speak English as a first language.
","A significant part of the population is struggling with not having enough food, which suggests that many people may be living in conditions where they are unsure of where their next meal will come fro",Implementing or expanding food assistance programs can provide support to those who can't afford enough food. These programs can range from food stamps to healthcare options that also address nutritional needs.,"A portion of the population is reportedly missing crucial activities or appointments, likely due to insufficient transportation options. This can have a ripple effect, hindering access to employment, education, and other necessary services.","Building better transportation systems, including new roads and public transit options, can help ensure that people can get to where they need to go, which is vital for maintaining employment and accessing other critical services."
1118,1022 Hermann Quay Suite 79,M,37,black,10000,BACHELOR,NO,"There's concern over the overall earnings which seem quite low, hinting at widespread monetary challenges.",Suggests enhancing earnings through employment training and educational opportunities.,"There's a mention of prevalent health conditions and a notable percentage of people using alternative transportation, which may pose health hazards.","Proposes broadening the availability of affordable, all-inclusive healthcare services to address health disparities.","Housing expenses, measured by median gross rent, are suggested to be a hefty financial load for residents.",Recommends providing financial aid for housing to alleviate the strain of housing costs.
2135,747 Conn Throughway,F,29,white,13500,BACHELOR,NO,Low per capita income suggests widespread economic pressure.," Enhance earnings with better-paying jobs, side gigs, or part-time work.","A considerable number of residents are dealing with health conditions, posing future health risks.","Promote consistent health screenings, balanced diets, and active lifestyles.",Steep median rent reflects a substantial cost of living.,"Look into smaller housing, financial aid for down payments, or alternative living arrangements like shared spaces."
2203,834 Treutel Plaza,F,71,black,10000,POSTHS,YES,A lack of computers in homes could signal monetary hardship.,Enhance public access to computers and affordable internet in communal spaces.,Prevalent chronic health conditions may indicate potential future health difficulties.,Launch health education and secure health insurance coverage.,"Those working for private not-for-profits might struggle with transport affordability, impacting mobility.","Develop better public transport, biking infrastructure, and other mobility solutions."
2464,Sullivan St,M,86,white,25000,BACHELOR,NO,Commuting patterns indicate a potential challenge in job retention and search.,Job seekers should keep their addresses updated with labor authorities to improve employment prospects.,Complex insurance situations in households may lead to higher medical expenses.,Opting for a primary health insurance provider could streamline costs and care.,The absence of certain types of health insurance could hinder access to quality education.,Scholarships and grants can provide crucial support to those facing financial barriers to education.
2492,364 D'Amore Crossroad Unit 72,F,,,,,,"A significant number of homes lack computers, limiting access to digital resources.",Enhance the availability of affordable computers to ensure inclusive access to technology for education and communication.,"A large portion of the community is composed of young adults, who may not have adequate job skills.",Expand job training and educational support to equip young adults with necessary workforce skills and assist with housing affordability.,"A high percentage of the workforce is employed in wholesale trade, which could be risky if the sector falters.",Aid small businesses and diversify employment opportunities by investing in broader infrastructure improvements.
1462,,,,,,,,There's a noticeable gap in computer ownership.,Propose initiatives to provide affordable tech to every home.,"A substantial slice of the population are minors, indicating a need for youth-targeted educational and vocational programs.",Advocate for comprehensive early education and career training for young residents.,"A diverse portion of the community identifies as multi-racial, suggesting a need for inclusive support services.",Suggest community programs that offer linguistic and cultural support while actively combating discrimination.
90280,,,,,,,,"A significant portion of the community has varied health insurance, potentially complicating healthcare access.",Streamline healthcare accessibility by centralizing services to a common address or hub for easier navigation.,"A notable fraction of the population lacks modern computing equipment, which may hinder digital literacy and access.","Expand healthcare inclusivity and affordability, ensuring all community members have access to vital services.",A segment of the workforce engaged in non-profit sectors may face unique professional challenges and health risks.,"Promote preventative health measures, such as vaccinations, to safeguard against illnesses within vulnerable worker groups."
92807,,,,,,,,Difficulty in obtaining health insurance may lead to poorer health outcomes and higher costs.,"Improve the availability of affordable, comprehensive health insurance for all community members.","Households with various types of computers could face issues with compatibility, affecting work efficiency and communication.","Foster the use of compatible, modern technology, and support residents in overcoming tech challenges.","A notable part of the community may have jobs with limited access to essential services, impacting their work and economic engagement.",Boost community services and partnerships to facilitate access to key services like healthcare and childcare.
94030,47 W 13th St,M,,,,,,"Without adequate health insurance, individuals may face higher medical expenses and poor health outcomes.","Ensure people have affordable, extensive health coverage for essential and preventative care.","Inadequate transport options can restrict movement, affecting job and educational access.","Offer assistance like bus passes and paratransit services to improve access to jobs, schools, and critical services.",Food insecurity may lead to health deterioration and cognitive impairments.,"Supply nutritious food via food banks, community gardens, and subsidized meals to enhance health and wellness."
